x,y,psi
0.3,-0.9993,1.5715475480512537
0.29999947414517,-0.9986000001975166,1.5722972238066022
0.29999842351765627,-0.9979000009859585,1.573045358287449
0.29999684919693864,-0.9972000027563077,1.5737919557053626
0.29999475225983757,-0.9965000058971327,1.5745370202570492
0.2999921337805207,-0.9958000107946027,1.575280556124431
0.2999889948305099,-0.9951000178325003,1.5760225674747215
0.29998533647868786,-0.9944000273922357,1.5767630584605024
0.299981159791305,-0.993700039852859,1.5775020332197982
0.2999764658319863,-0.9930000555910746,1.5782394958761514
0.2999712556617376,-0.9923000749812532,1.5789754505386968
0.29996553033895296,-0.9916000983954455,1.579709901302235
0.2999592909194208,-0.9909001262033951,1.5804428522473062
0.29995253845633085,-0.9902001587725512,1.5811743074402624
0.2999452740002807,-0.9895001964680816,1.5819042709333406
0.2999374985992826,-0.9888002396528857,1.5826327467647334
0.2999292132987698,-0.9881002886876064,1.5833597389586611
0.2999204191416034,-0.9874003439306436,1.5840852515254424
0.2999111171680788,-0.9867004057381662,1.5848092884615645
0.29990130841593227,-0.9860004744641248,1.5855318537497531
0.2998909939203476,-0.9853005504602638,1.5862529513590415
0.2998801747139625,-0.9846006340761341,1.58697258524484
0.2998688518268751,-0.9839007256591051,1.5876907593490037
0.29985702628665056,-0.983200825554377,1.5884074775999009
0.2998446991183274,-0.9825009341049928,1.5891227439124802
0.299831871344424,-0.9818010516518504,1.5898365621883384
0.2998185439849452,-0.9811011785337145,1.5905489363157856
0.29980471805738834,-0.9804013150872285,1.5912598701699128
0.29979039457675005,-0.9797014616469266,1.5919693676126565
0.29977557455553233,-0.9790016185452451,1.5926774324928648
0.29976025900374914,-0.9783017861125346,1.5933840686463616
0.29974444892893254,-0.9776019646770711,1.5940892798960113
0.2997281453361392,-0.9769021545650678,1.5947930700517827
0.29971134922795645,-0.9762023561006868,1.5954954429108121
0.29969406160450895,-0.9755025696060504,1.5961964022574668
0.29967628346346464,-0.9748027954012521,1.596895951863408
0.2996580158000411,-0.9741030338043686,1.5975940954876526
0.29963925960701177,-0.9734032851314702,1.5982908368766353
0.29962001587471215,-0.9727035496966328,1.5989861797642697
0.2996002855910461,-0.9720038278119483,1.5996801278720099
0.29958006974149193,-0.9713041197875361,1.6003726849089104
0.2995593693091085,-0.9706044259315539,1.601063854571687
0.2995381852745415,-0.9699047465502089,1.6017536405447765
0.2995165186160296,-0.9692050819477679,1.6024420465003957
0.2994943703094105,-0.968505432426569,1.603129076098601
0.2994717413281269,-0.9678057982870316,1.6038147329873467
0.2994486326432327,-0.9671061798276679,1.6044990208025434
0.29942504522339913,-0.9664065773450925,1.6051819431681158
0.2994009800349207,-0.9657069911340338,1.605863503696061
0.2993764380417213,-0.965007421487344,1.6065437059865042
0.2993514202053601,-0.9643078686960095,1.607222553627757
0.29932592748503756,-0.9636083330491618,1.6079000501963725
0.2992999608376015,-0.9629088148340874,1.6085761992572025
0.2992735212175531,-0.9622093143362379,1.6092510043634525
0.29924660957705246,-0.9615098318392407,1.6099244690567371
0.2992192268659251,-0.9608103676249085,1.6105965968671354
0.29919137403166746,-0.9601109219732501,1.6112673913132451
0.2991630520194529,-0.9594114951624799,1.6119368559022373
0.29913426177213764,-0.9587120874690281,1.61260499412991
0.29910500423026654,-0.9580126991675506,1.6132718094807421
0.299075280332079,-0.9573133305309386,1.613937305427946
0.2990450910135146,-0.9566139818303288,1.6146014854335213
0.2990144372082193,-0.9559146533351128,1.615264352948307
0.29898331984755083,-0.9552153453129473,1.6159259114120337
0.2989517398605847,-0.954516058029763,1.6165861642533756
0.2989196981741199,-0.9538167917497749,1.6172451148900024
0.2988871957126846,-0.9531175467354911,1.61790276672863
0.29885423339854184,-0.9524183232477231,1.618559123165072
0.2988208121516955,-0.9517191215455948,1.6192141875842896
0.29878693288989566,-0.9510199418865515,1.6198679633604427
0.29875259652864455,-0.9503207845263699,1.6205204538569398
0.29871780398120196,-0.9496216497191672,1.6211716624264871
0.29868255615859113,-0.9489225377174099,1.6218215924111385
0.2986468539696042,-0.9482234487719233,1.6224702471423442
0.29861069832080794,-0.9475243831319008,1.6231176299410002
0.29857409011654934,-0.9468253410449124,1.6237637441174957
0.29853703025896106,-0.9461263227569146,1.6244085929717622
0.29849951964796717,-0.9454273285122581,1.6250521797933208
0.2984615591812887,-0.944728358553698,1.6256945078613305
0.29842314975444895,-0.9440294131224017,1.6263355804446344
0.29838429226077934,-0.9433304924579585,1.6269754008018078
0.2983449875914246,-0.9426315967983877,1.627613972181204
0.29830523663534847,-0.9419327263801477,1.6282512978210013
0.2982650402793392,-0.9412338814381443,1.6288873809492492
0.29822439940801476,-0.9405350622057401,1.629522224783914
0.2981833149038286,-0.9398362689147622,1.6301558325329244
0.2981417876470748,-0.9391375017955111,1.6307882073942166
0.2980998185158936,-0.9384387610767693,1.63141935255578
0.29805740838627703,-0.9377400469858094,1.6320492711957015
0.2980145581320738,-0.9370413597484029,1.6326779664822098
0.297971268624995,-0.9363426995888282,1.6333054415737198
0.2979275407346195,-0.9356440667298792,1.6339316996188773
0.29788337532839915,-0.9349454613928732,1.6345567437566013
0.29783877327166397,-0.9342468837976592,1.6351805771161287
0.2977937354276278,-0.9335483341626263,1.635803202817057
0.2977482626573934,-0.9328498127047117,1.636424623969387
0.2977023558199576,-0.9321513196394084,1.6370448436735652
0.29765601577221673,-0.9314528551807741,1.6376638650205275
0.297609243368972,-0.9307544195414381,1.6382816910917402
0.29756203946293436,-0.93005601293261,1.6388983249592421
0.2975144049047301,-0.9293576355640872,1.6395137696856867
0.2974663405429057,-0.9286592876442633,1.6401280283243829
0.29741784722393344,-0.9279609693801351,1.6407411039193367
0.29736892579221613,-0.9272626809773109,1.6413529995052918
0.29731957709009255,-0.9265644226400183,1.6419637181077706
0.2972698019578425,-0.9258661945711113,1.6425732627431144
0.29721960123369207,-0.9251679969720787,1.6431816364185239
0.2971689757538184,-0.9244698300430514,1.643788842132099
0.29711792635235523,-0.9237716939828093,1.6443948828728783
0.29706645386139774,-0.9230735889887901,1.6449997616208794
0.29701455911100755,-0.9223755152570956,1.6456034813471372
0.29696224292921797,-0.9216774729824997,1.6462060450137437
0.296909506142039,-0.9209794623584558,1.6468074555738867
0.29685634957346224,-0.9202814835771042,1.6474077159718883
0.29680277404546607,-0.9195835368292788,1.648006829143243
0.2967487803780205,-0.9188856223045154,1.6486047980146568
0.2966943693890922,-0.918187740191058,1.649201625504084
0.29663954189464964,-0.9174898906758664,1.649797314520766
0.2965842987086678,-0.9167920739446235,1.650391867965268
0.2965286406431333,-0.916094290181742,1.6509852887295169
0.29647256850804915,-0.9153965395703721,1.6515775796968377
0.2964160831114399,-0.9146988222924078,1.6521687437419914
0.2963591852593564,-0.9140011385284945,1.652758783731211
0.2963018757558807,-0.9133034884580356,1.6533477025222376
0.2962441554031308,-0.9126058722591995,1.6539355029643579
0.29618602500126595,-0.9119082901089268,1.6545221878984389
0.2961274853484909,-0.9112107421829369,1.6551077601569646
0.29606853724106125,-0.9105132286557344,1.6556922225640718
0.2960091814732879,-0.9098157497006167,1.6562755779355847
0.29594941883754217,-0.9091183054896803,1.6568578290790508
0.2958892501242603,-0.9084208961938275,1.657438978793776
0.29582867612194846,-0.907723521982773,1.6580190298708593
0.2957676976171874,-0.9070261830250508,1.658597985093227
0.2957063153946372,-0.9063288794880207,1.6591758472356686
0.2956445302370421,-0.9056316115378745,1.6597526190648693
0.2955823429252352,-0.9049343793396434,1.6603283033394454
0.29551975423814303,-0.9042371830572035,1.6609029028099775
0.29545676495279044,-0.9035400228532827,1.6614764202190446
0.2953933758443052,-0.9028428988894674,1.6620488583012578
0.29532958768592266,-0.9021458113262086,1.6626202197832929
0.2952654012489905,-0.901448760322828,1.6631905073839246
0.29520081730297326,-0.9007517460375246,1.6637597238140585
0.29513583661545706,-0.9000547686273814,1.6643278717767647
0.29507045995215414,-0.8993578282483708,1.6648949539673101
0.2950046880769076,-0.8986609250553615,1.6654609730731909
0.2949385217516958,-0.8979640592021244,1.6660259317741646
0.29487196173663727,-0.8972672308413386,1.6665898327422826
0.29480500878999477,-0.8965704401245981,1.6671526786419217
0.2947376636681803,-0.895873687202417,1.6677144721298165
0.2946699271257596,-0.8951769722242366,1.6682752158550902
0.2946017999154564,-0.8944802953384307,1.6688349124592865
0.29453328278815705,-0.8937836566923115,1.6693935645764006
0.2944643764929153,-0.8930870564321364,1.6699511748329106
0.2943950817769564,-0.8923904947031129,1.6705077458478081
0.2943253993856818,-0.8916939716494052,1.6710632802326293
0.29425533006267357,-0.8909974874141399,1.6716177805914851
0.2941848745496989,-0.8903010421394115,1.672171249521092
0.2941140335867144,-0.8896046359662888,1.6727236896108024
0.2940428079118707,-0.8889082690348201,1.6732751034426339
0.29397119826151674,-0.8882119414840395,1.6738254935913002
0.29389920537020425,-0.8875156534519719,1.6743748626242407
0.29382682997069215,-0.8868194050756395,1.6749232131016498
0.2937540727939508,-0.8861231964910669,1.6754705475765064
0.29368093456916666,-0.8854270278332868,1.6760168685946035
0.2936074160237462,-0.8847308992363456,1.6765621786945775
0.29353351788332055,-0.8840348108333094,1.6771064804079363
0.2934592408717499,-0.8833387627562687,1.6776497762590894
0.2933845857111276,-0.8826427551363445,1.678192068765376
0.2933095531217845,-0.8819467881036939,1.6787333604370933
0.29323414382229346,-0.881250861787515,1.6792736537775255
0.2931583585294732,-0.8805549763160528,1.6798129512829716
0.2930821979583931,-0.8798591318166044,1.6803512554427742
0.293005662822377,-0.879163328415524,1.6808885687393464
0.29292875383300776,-0.8784675662382291,1.6814248936482008
0.2928514717001313,-0.8777718454092049,1.6819602326379761
0.29277381713186096,-0.8770761660520103,1.6824945881704658
0.2926957908345815,-0.8763805282892826,1.6830279627006448
0.29261739351295357,-0.8756849322427429,1.6835603586766967
0.2925386258699177,-0.8749893780332016,1.6840917785400413
0.29245948860669846,-0.8742938657805632,1.6846222247253617
0.2923799824228088,-0.8735983956038315,1.6851516996606304
0.2923001080160541,-0.8729029676211146,1.685680205767137
0.29221986608253625,-0.8722075819496306,1.686207745459514
0.29213925731665774,-0.8715122387057117,1.6867343211457635
0.292058282411126,-0.8708169380048102,1.6872599352272841
0.2919769420569573,-0.8701216799615027,1.6877845900988964
0.29189523694348085,-0.8694264646894957,1.688308288148869
0.291813167758343,-0.86873129230163,1.6888310317589448
0.29173073518751114,-0.8680361629098863,1.6893528233043669
0.291647939915278,-0.8673410766253893,1.689873665153904
0.2915647826242654,-0.8666460335584133,1.6903935596698758
0.2914812639954285,-0.8659510338183866,1.690912509208179
0.29139738470805976,-0.8652560775138964,1.6914305161183116
0.29131314543979286,-0.8645611647526941,1.6919475827433996
0.2912285468666068,-0.8638662956416991,1.6924637114202203
0.29114358966282994,-0.8631714702870046,1.6929789044792287
0.29105827450114374,-0.8624766887938814,1.6934931642445814
0.290972602052587,-0.8617819512667834,1.6940064930341616
0.29088657298655973,-0.8610872578093516,1.6945188931596036
0.2908001879708269,-0.8603926085244193,1.6950303669263174
0.2907134476715227,-0.8596980035140166,1.6955409166335125
0.29062635275315407,-0.8590034428793746,1.6960505445742229
0.29053890387860504,-0.8583089267209304,1.6965592530353304
0.2904511017091403,-0.8576144551383316,1.6970670442975893
0.2903629469044091,-0.8569200282304408,1.6975739206356497
0.2902744401224494,-0.85622564609534,1.6980798843180815
0.29018558201969147,-0.8555313088303352,1.698584937607398
0.29009637325096177,-0.8548370165319611,1.699089082760079
0.29000681446948684,-0.8541427692959848,1.6995923220265952
0.2899169063268972,-0.853448567217411,1.7000946576514304
0.2898266494732311,-0.8527544103904863,1.7005960918731051
0.2897360445569383,-0.8520602989087028,1.7010966269242
0.2896450922248839,-0.8513662328648036,1.7015962650313783
0.289553793122352,-0.8506722123507863,1.7020950084154087
0.28946214789304986,-0.8499782374579075,1.7025928592911888
0.2893701571791112,-0.8492843082766872,1.7030898198677664
0.28927782162110016,-0.848590424896913,1.7035858923483633
0.28918514185801514,-0.8478965874076445,1.7040810789303975
0.28909211852729233,-0.847202795897217,1.7045753818055047
0.28899875226480964,-0.8465090504532464,1.7050688031595613
0.2889050437048902,-0.8458153511626328,1.7055613451727065
0.28881099348030614,-0.845121698111565,1.7060530100193638
0.28871660222228246,-0.8444280913855244,1.7065437998682635
0.2886218705605004,-0.8437345310692894,1.7070337168824639
0.28852679912310136,-0.8430410172469391,1.7075227632193735
0.2884313885366903,-0.8423475500018578,1.7080109410307724
0.2883356394263398,-0.8416541294167386,1.7084982524628343
0.2882395524155931,-0.8409607555735877,1.7089846996561464
0.2881431281264684,-0.8402674285537286,1.7094702847457326
0.28804636717946197,-0.8395741484378054,1.7099550098610736
0.28794927019355193,-0.8388809153057877,1.7104388771261283
0.2878518377862019,-0.8381877292369736,1.710921888659355
0.28775407057336444,-0.8374945903099943,1.7114040465737315
0.2876559691694848,-0.8368014986028178,1.711885352976777
0.2875575341875044,-0.8361084541927527,1.7123658099705727
0.2874587662388643,-0.835415457156452,1.7128454196517815
0.2873596659335088,-0.8347225075699175,1.7133241841116695
0.28726023387988914,-0.8340296055085026,1.7138021054361263
0.28716047068496675,-0.8333367510469171,1.714279185705685
0.28706037695421693,-0.8326439442592305,1.7147554269955425
0.2869599532916323,-0.8319511852188759,1.7152308313755804
0.2868592002997264,-0.8312584739986535,1.715705400910384
0.28675811857953687,-0.8305658106707348,1.7161791376592632
0.28665670873062926,-0.8298731953066657,1.7166520436762722
0.28655497135110036,-0.8291806279773708,1.717124121010229
0.2864529070375817,-0.8284881087531568,1.7175953717047354
0.2863505163852428,-0.827795637703716,1.7180657977981968
0.2862477999877948,-0.8271032148981302,1.7185354013238414
0.286144758437494,-0.8264108404048741,1.7190041843097401
0.2860413923251448,-0.8257185142918191,1.7194721487788254
0.2859377022401036,-0.8250262366262368,1.7199392967489113
0.285833688770282,-0.8243340074748023,1.7204056302327122
0.28572935250215004,-0.8236418269035983,1.720871151237862
0.2856246940207398,-0.8229496949781181,1.7213358617669334
0.2855197139096487,-0.8222576117632694,1.7217997638174567
0.28541441275104273,-0.8215655773233776,1.7222628593819387
0.28530879112565993,-0.8208735917221897,1.7227251504478815
0.2852028496128137,-0.8201816550228769,1.7231866389978017
0.28509658879039607,-0.819489767288039,1.7236473270092483
0.28499000923488105,-0.8187979285797072,1.724107216454822
0.28488311152132795,-0.8181061389593478,1.7245663093021928
0.2847758962233846,-0.8174143984878652,1.72502460751412
0.2846683639132908,-0.8167227072256059,1.7254821130484688
0.28456051516188136,-0.8160310652323612,1.7259388278582295
0.2844523505385895,-0.8153394725673712,1.7263947538915358
0.2843438706114502,-0.8146479292893272,1.7268498930916825
0.28423507594710323,-0.8139564354563759,1.7273042473971436
0.2841259671107965,-0.8132649911261223,1.7277578187415905
0.28401654466638937,-0.812573596355633,1.7282106090539098
0.2839068091763557,-0.8118822512014393,1.728662620258221
0.2837967612017872,-0.8111909557195407,1.7291138542738944
0.28368640130239653,-0.810499709965408,1.729564313015569
0.28357573003652053,-0.8098085139939865,1.7300139983931693
0.2834647479611234,-0.809117367859699,1.7304629123119237
0.28335345563179987,-0.8084262716164494,1.7309110566723818
0.28324185360277837,-0.8077352253176254,1.7313584333704313
0.28312994242692413,-0.8070442290161021,1.7318050442973156
0.28301772265574243,-0.8063532827642446,1.7322508913396515
0.28290519483938165,-0.8056623866139114,1.7326959763794454
0.2827923595266364,-0.8049715406164578,1.7331403012941113
0.2826792172649506,-0.8042807448227383,1.7335838679564877
0.2825657686004207,-0.8035899992831099,1.7340266782348541
0.2824520140777987,-0.8028993040474357,1.734468733992948
0.2823379542404951,-0.8022086591650871,1.7349100370899828
0.2822235896305824,-0.8015180646849474,1.7353505893806627
0.28210892078879773,-0.8008275206554143,1.7357903927152007
0.281993948254546,-0.8001370271244035,1.7362294489393355
0.28187867256590315,-0.7994465841393512,1.7366677598943467
0.28176309425961904,-0.7987561917472172,1.737105327417073
0.2816472138711204,-0.7980658499944879,1.737542153339927
0.2815310319345141,-0.797375558927179,1.7379782394909127
0.28141454898259,-0.7966853185908388,1.7384135876936417
0.2812977655468239,-0.7959951290305507,1.738848199767349
0.2811806821573807,-0.7953049902909364,1.7392820775269096
0.2810632993431172,-0.7946149024161584,1.7397152227828538
0.28094561763158526,-0.7939248654499234,1.7401476373413851
0.2808276375490347,-0.7932348794354844,1.740579323004394
0.28070935962041627,-0.7925449444156444,1.7410102815694755
0.28059078436938445,-0.7918550604327583,1.741440514829944
0.28047191231830065,-0.7911652275287365,1.7418700245748504
0.280352743988236,-0.7904754457450472,1.7422988125889962
0.28023327989897434,-0.7897857151227193,1.7427268806529506
0.28011352056901495,-0.7890960357023451,1.7431542305430652
0.2799934665155757,-0.7884064075240832,1.7435808640314903
0.2798731182545959,-0.7877168306276611,1.74400678288619
0.27975247630073896,-0.787027305052378,1.7444319888709579
0.2796315411673957,-0.7863378308371072,1.7448564837454321
0.27951031336668675,-0.7856484080202993,1.7452802692651113
0.27938879340946576,-0.7849590366399847,1.7457033471813692
0.2792669818053221,-0.7842697167337757,1.7461257192414705
0.27914487906258373,-0.7835804483388701,1.7465473871885857
0.27902248568832005,-0.7828912314920531,1.7469683527618063
0.2788998021883447,-0.7822020662297002,1.7473886176961602
0.2787768290672185,-0.7815129525877801,1.7478081837226258
0.2786535668282521,-0.7808238906018565,1.7482270525681483
0.2785300159735088,-0.7801348803070914,1.7486452259556535
0.27840617700380754,-0.7794459217382476,1.7490627056040633
0.27828205041872545,-0.7787570149296908,1.74947949322831
0.2781576367166007,-0.7780681599153928,1.7498955905393514
0.2780329363945354,-0.7773793567289332,1.7503109992441857
0.2779079499483982,-0.7766906054035029,1.7507257210458658
0.277782677872827,-0.7760019059719059,1.751139757643514
0.277657120661232,-0.7753132584665618,1.751553110732336
0.2775312788057981,-0.774624662919509,1.7519657820036372
0.2774051527974877,-0.7739361193624064,1.7523777731448347
0.27727874312604356,-0.7732476278265358,1.7527890858394732
0.27715205027999146,-0.7725591883428052,1.7531997217672397
0.2770250747466428,-0.7718708009417505,1.7536096826039762
0.2768978170120973,-0.7711824656535382,1.7540189700216955
0.27677027756124595,-0.7704941825079676,1.7544275856885945
0.2766424568777733,-0.7698059515344736,1.7548355312690689
0.27651435544416036,-0.7691177727621286,1.7552428084237268
0.2763859737416873,-0.7684296462196452,1.7556494188094032
0.27625731225043587,-0.7677415719353786,1.7560553640791736
0.27612837144929236,-0.7670535499373288,1.7564606458823684
0.27599915181595,-0.7663655802531428,1.7568652658645865
0.27586965382691153,-0.7656776629101175,1.7572692256677094
0.27573987795749216,-0.7649897979352014,1.7576725269299145
0.2756098246818218,-0.764301985354997,1.75807517128569
0.27547949447284803,-0.7636142251957636,1.758477160365847
0.27534888780233824,-0.7629265174834189,1.7588784957975345
0.2752180051408827,-0.7622388622435419,1.759279179204253
0.27508684695789676,-0.7615512595013747,1.7596792122058673
0.2749554137216237,-0.760863709281825,1.7600785964186205
0.27482370589913707,-0.7601762116094684,1.7604773334551476
0.2746917239563434,-0.7594887665085501,1.760875424924489
0.27455946835798467,-0.7588013740029882,1.7612728724321034
0.2744269395676409,-0.7581140341163746,1.7616696775798821
0.27429413804773267,-0.7574267468719781,1.7620658419661615
0.2741610642595235,-0.7567395122927465,1.7624613671857368
0.27402771866312264,-0.7560523304013084,1.762856254829875
0.2738941017174873,-0.7553652012199755,1.7632505064863284
0.2737602138804254,-0.7546781247707453,1.763644123739348
0.2736260556085978,-0.7539911010753022,1.764037108169696
0.2734916273575211,-0.7533041301550206,1.7644294613546587
0.2733569295815697,-0.7526172120309667,1.764821184868061
0.27322196273397875,-0.7519303467239002,1.765212280280278
0.27308672726684624,-0.7512435342542774,1.7656027491582484
0.27295122363113555,-0.750556774642252,1.7659925930654874
0.27281545227667797,-0.7498700679076784,1.7663818135621
0.272679413652175,-0.7491834140701129,1.766770412204793
0.27254310820520106,-0.7484968131488164,1.7671583905468888
0.27240653638220547,-0.747810265162756,1.7675457501383378
0.2722696986285153,-0.7471237701306072,1.7679324925257305
0.27213259538833745,-0.746437328070756,1.7683186192523113
0.27199522710476126,-0.745750939001301,1.7687041318579904
0.2718575942197608,-0.7450646029400552,1.7690890318793568
0.2717196971741972,-0.7443783199045481,1.7694733208496907
0.27158153640782123,-0.7436920899120277,1.7698570002989762
0.27144311235927543,-0.7430059129794628,1.7702400717539135
0.27130442546609657,-0.7423197891235443,1.7706225367379322
0.27116547616471803,-0.7416337183606879,1.7710043967712026
0.27102626489047216,-0.7409477007070354,1.7713856533706491
0.2708867920775924,-0.7402617361784573,1.7717663080499622
0.270747058159216,-0.7395758247905542,1.7721463623196105
0.270607063567386,-0.738889966558659,1.7725258176868537
0.2704668087330536,-0.738204161497839,1.7729046756557545
0.27032629408608067,-0.7375184096228973,1.7732829377271908
0.27018552005524177,-0.7368327109483752,1.7736606053988682
0.27004448706822665,-0.7361470654885539,1.7740376801653317
0.26990319555164244,-0.7354614732574564,1.7744141635179786
0.2697616459310159,-0.7347759342688492,1.7747900569450696
0.26961983863079586,-0.7340904485362447,1.775165361931742
0.26947777407435514,-0.7334050160729025,1.7755400799600207
0.2693354526839931,-0.7327196368918316,1.775914212508831
0.2691928748809379,-0.7320343110057921,1.7762877610540102
0.26905004108534847,-0.7313490384272968,1.77666072706832
0.268906951716317,-0.7306638191686138,1.7770331120214573
0.26876360719187103,-0.7299786532417674,1.777404917380068
0.2686200079289757,-0.7292935406585404,1.7777761446077567
0.268476154343536,-0.728608481430476,1.7781467951651004
0.26833204685039885,-0.7279234755688794,1.7785168705096592
0.2681876858633554,-0.7272385230848195,1.7788863720959884
0.2680430717951432,-0.7265536239891309,1.7792553013756502
0.2678982050574483,-0.7258687782924155,1.7796236597972257
0.26775308606090764,-0.7251839860050443,1.7799914488063258
0.26760771521511084,-0.7244992471371594,1.780358669845604
0.26746209292860273,-0.7238145616986753,1.7807253243547672
0.2673162196088853,-0.723129929699281,1.7810914137705876
0.2671700956624198,-0.7224453511484417,1.781456939526914
0.26702372149462905,-0.7217608260554,1.7818219030546842
0.26687709750989946,-0.7210763544291787,1.7821863057819354
0.2667302241115831,-0.7203919362785814,1.7825501491338165
0.26658310170199995,-0.7197075716121949,1.782913434532599
0.26643573068243986,-0.7190232604383903,1.7832761633976892
0.2662881114531647,-0.7183390027653254,1.7836383371456388
0.2661402444134106,-0.7176547986009458,1.7839999571901568
0.2659921299613897,-0.7169706479529869,1.784361024942121
0.26584376849429253,-0.7162865508289754,1.7847215418095883
0.26569516040828994,-0.715602507236231,1.7850815091978078
0.26554630609853525,-0.714918517181868,1.7854409285092305
0.26539720595916616,-0.7142345806727971,1.7857998011435212
0.2652478603833069,-0.7135506977157268,1.78615812849757
0.26509826976307027,-0.7128668683171651,1.7865159119655032
0.2649484344895596,-0.7121830924834213,1.7868731529386943
0.26479835495287096,-0.7114993702206074,1.7872298528057757
0.2646480315420949,-0.7108157015346398,1.7875860129526495
0.2644974646453186,-0.7101320864312408,1.7879416347624988
0.264346654649628,-0.7094485249159403,1.7882967196157986
0.2641956019411096,-0.7087650169940776,1.788651268890327
0.2640443069048525,-0.708081562670802,1.7890052839611765
0.26389276992495037,-0.707398161951076,1.7893587662007646
0.26374099138450363,-0.7067148148396751,1.7897117169788452
0.26358897166562106,-0.7060315213411908,1.7900641376625195
0.2634367111494221,-0.7053482814600314,1.7904160296162468
0.26328421021603843,-0.7046650952004234,1.7907673942018556
0.2631314692446164,-0.7039819625664137,1.7911182327785549
0.2629784886133185,-0.7032988835618704,1.7914685467029443
0.26282526869932565,-0.7026158581904851,1.7918183373290255
0.26267180987883887,-0.7019328864557737,1.7921676060082132
0.26251811252708135,-0.701249968361078,1.7925163540893456
0.2623641770183003,-0.7005671039095678,1.7928645829186958
0.26221000372576886,-0.6998842931042417,1.7932122938399817
0.26205559302178805,-0.6992015359479291,1.793559488194378
0.26190094527768853,-0.6985188324432912,1.7939061673205257
0.2617460608638326,-0.6978361825928228,1.794252332554544
0.2615909401496161,-0.6971535863988537,1.7945979852300409
0.2614355835034701,-0.6964710438635504,1.7949431266781228
0.2612799912928631,-0.695788554988917,1.7952877582274067
0.26112416388430243,-0.695106119776797,1.79563188120403
0.2609681016433364,-0.6944237382288748,1.7959754969316613
0.26081180493455614,-0.693741410346677,1.7963186067315113
0.26065527412159734,-0.693059136131574,1.7966612119223433
0.2604985095671421,-0.6923769155847811,1.797003313820484
0.2603415116329208,-0.6916947487073601,1.7973449137398336
0.2601842806797138,-0.6910126355002211,1.7976860129918775
0.2600268170673533,-0.690330575964123,1.7980266128856954
0.2598691211547253,-0.6896485700996757,1.7983667147279732
0.25971119329977116,-0.6889666179073414,1.7987063198230127
0.2595530338594894,-0.6882847193874355,1.7990454294727423
0.25939464318993766,-0.6876028745401286,1.7993840449767282
0.25923602164623427,-0.6869210833654474,1.7997221676321842
0.25907716958256016,-0.6862393458632764,1.8000597987339821
0.2589180873521606,-0.6855576620333588,1.8003969395746626
0.25875877530734687,-0.6848760318752986,1.800733591444446
0.258599233799498,-0.6841944553885612,1.8010697556312418
0.25843946317906263,-0.6835129325724753,1.8014054334206602
0.25827946379556066,-0.6828314634262338,1.8017406260960214
0.25811923599758496,-0.6821500479488958,1.8020753349383671
0.2579587801328031,-0.6814686861393869,1.8024095612264703
0.2577980965479591,-0.6807873779965017,1.8027433062368459
0.25763718558887505,-0.6801061235189042,1.8030765712437609
0.25747604760045284,-0.6794249227051296,1.8034093575192447
0.25731468292667586,-0.6787437755535853,1.8037416663331003
0.25715309191061075,-0.6780626820625527,1.8040734989529135
0.256991274894409,-0.6773816422301878,1.8044048566440638
0.2568292322193085,-0.6767006560545232,1.804735740669735
0.2566669642256354,-0.676019723533469,1.8050661522909253
0.25650447125280573,-0.6753388446648139,1.805396092766457
0.25634175363932704,-0.674658019446227,1.8057255633529878
0.2561788117227999,-0.6739772478752589,1.8060545653050208
0.2560156458399196,-0.6732965299493425,1.8063830998749142
0.255852256326478,-0.672615865665795,1.8067111683128925
0.2556886435173648,-0.6719352550218185,1.8070387718670557
0.25552480774656944,-0.6712546980145018,1.807365911783391
0.2553607493471825,-0.6705741946408212,1.8076925893057814
0.25519646865139745,-0.6698937448976422,1.8080188056760174
0.25503196599051214,-0.6692133487817202,1.8083445621338061
0.2548672416949304,-0.6685330062897024,1.8086698599167828
0.2547022960941637,-0.6678527174181281,1.8089947002605193
0.25453712951683266,-0.6671724821634311,1.809319084398536
0.25437174229066856,-0.6664923005219398,1.809643013562311
0.254206134742515,-0.6658121724898792,1.8099664889812905
0.2540403071983295,-0.6651320980633718,1.8102895118828997
0.25387425998318475,-0.6644520772384387,1.8106120834925519
0.2537079934212705,-0.663772110011001,1.8109342050336596
0.2535415078358949,-0.6630921963768811,1.8112558777276442
0.25337480354948616,-0.6624123363318035,1.811577102793946
0.25320788088359386,-0.6617325298713963,1.8118978814500353
0.2530407401588906,-0.6610527769911922,1.8122182149114214
0.25287338169517354,-0.6603730776866301,1.8125381043916637
0.25270580581136576,-0.6596934319530556,1.8128575511023814
0.25253801282551785,-0.6590138397857227,1.8131765562532638
0.2523700030548094,-0.6583343011797947,1.8134951210520804
0.25220177681555045,-0.6576548161303457,1.8138132467046912
0.25203333442318293,-0.6569753846323612,1.814130934415057
0.25186467619228214,-0.6562960066807396,1.8144481853852485
0.25169580243655826,-0.6556166822702937,1.8147650008154583
0.25152671346885774,-0.654937411395751,1.8150813819040095
0.25135740960116476,-0.6542581940517556,1.8153973298473665
0.2511878911446026,-0.6535790302328688,1.815712845840145
0.25101815840943525,-0.6528999199335708,1.8169428013137359
0.2508475905274337,-0.6522210189116026,1.818182043333643
0.25067618145394605,-0.651542329785768,1.8194307698771732
0.25050392501719304,-0.6508638552320837,1.8206891849375078
0.2503308149144623,-0.6501855979856553,1.8219574987688887
0.2501568447081495,-0.6495075608426348,1.823235928144325
0.24998200782163835,-0.6488297466622616,1.8245246966265893
0.24980629753501193,-0.6481521583689936,1.8258240348533334
0.24962970698058584,-0.647474798954733,1.8271341808372037
0.24945222913825468,-0.6467976714811496,1.8284553802819108
0.2492738568306415,-0.6461207790821106,1.8297878869152733
0.24909458271804003,-0.6454441249662206,1.8311319628403329
0.24891439929313852,-0.6447677124194781,1.832487878905723
0.24873329887551346,-0.6440915448080561,1.8338559150965623
0.2485512736058802,-0.6434156255812139,1.8352363609472415
0.24836831544008764,-0.6427399582743463,1.8366295159775818
0.24818441614284215,-0.6420645465121799,1.838035690153959
0.24799956728114567,-0.6413893940121257,1.8394552043771122
0.2478137602174315,-0.6407145045877947,1.8408883909984994
0.24762698610238065,-0.6400398821526897,1.8423355943672104
0.24743923586739952,-0.6393655307240825,1.8437971714096146
0.24725050021673942,-0.638691454427088,1.8452734922441056
0.24706076961923634,-0.6380176574989478,1.8467649408334998
0.24687003429964793,-0.6373441442935379,1.848271915677867
0.24667828422956314,-0.6366709192861129,1.849794830550812
0.24648550911785805,-0.6359979870783036,1.8513341152824878
0.24629169840066945,-0.635325352403385,1.8528902165929129
0.24609684123085576,-0.6346530201318316,1.8544635989794858
0.24590092646691208,-0.6339809952771804,1.8560547456629388
0.24570394266130424,-0.6333092830022232,1.8576641595963699
0.2455058780481835,-0.6326378886255494,1.859292364542412
0.2453067205304406,-0.631966817628466,1.8609399062240868
0.24510645766605468,-0.631296075662321,1.8626073535554077
0.24490507665368902,-0.6306256685562589,1.8642952999583893
0.2447025643174811,-0.6299556023254401,1.8660043647737683
0.24449890709097097,-0.6292858831797602,1.8677351947734648
0.24429409100010616,-0.6286165175331044,1.8694884657836175
0.2440881016452572,-0.6279475120131803,1.8712648844279272
0.243880924182171,-0.6272788734719721,1.8730651900020456
0.2436725433017836,-0.6266106089968659,1.8748901564908655
0.24346294320880685,-0.6259427259225002,1.8767320632825548
0.24325211329370167,-0.6252752300446877,1.878573970074244
0.24304005427173375,-0.6246081236279879,1.8804158768659334
0.24282676686233873,-0.6239414089356392,1.8822577836576226
0.24261225178911966,-0.623275088229551,1.884099690449312
0.2423965097798446,-0.6226091637702961,1.8859415972410012
0.24217954156644408,-0.6219436378171028,1.8877835040326905
0.2419613478850088,-0.6212785126278476,1.8896254108243797
0.24174192947578693,-0.6206137904590473,1.891467317616069
0.24152128708318166,-0.6199494735658514,1.8933092244077583
0.2412994214557487,-0.6192855642020345,1.8951511311994476
0.24107633334619374,-0.6186220646199885,1.8969930379911368
0.24085202351136992,-0.6179589770707151,1.898834944782826
0.24062649271227518,-0.6172963038038183,1.9006768515745154
0.24039974171404974,-0.6166340470674964,1.9025187583662047
0.2401717712859735,-0.6159722091085346,1.904360665157894
0.23994258220146344,-0.6153107921722973,1.9062025719495832
0.23971217523807092,-0.6146497985027208,1.9080444787412725
0.23948055117747916,-0.6139892303423051,1.9098863855329618
0.2392477108055005,-0.6133290899321068,1.911728292324651
0.23901365491207377,-0.6126693795117312,1.9135701991163403
0.23877838429126158,-0.6120101013193248,1.9154121059080296
0.23854189974124768,-0.6113512575915677,1.9172540126997188
0.2383042020643342,-0.6106928505636663,1.9190959194914081
0.23806529206693897,-0.6100348824693451,1.9209378262830974
0.23782517055959274,-0.6093773555408397,1.9227797330747867
0.23758383835693644,-0.6087202720088888,1.924621639866476
0.23734129627771847,-0.6080636341027269,1.9264635466581652
0.23709754514479184,-0.6074074440500767,1.9283054534498545
0.23685258578511145,-0.6067517040771416,1.9301473602415438
0.23660641902973126,-0.6060964164085978,1.931989267033233
0.23635904571380142,-0.6054415832675871,1.9338311738249223
0.23611046667656552,-0.6047872068757094,1.9356730806166116
0.2358606827613577,-0.6041332894530149,1.9375149874083009
0.23560969481559974,-0.6034798332179967,1.9393568941999901
0.2353575036907983,-0.6028268403875833,1.9411988009916794
0.235104110242542,-0.6021743131771309,1.9430407077833687
0.23484951533049836,-0.6015222538004162,1.944882614575058
0.23459371981841115,-0.6008706644696288,1.9467245213667472
0.23433672457409724,-0.6002195473953633,1.9485664281584365
0.23407853046944374,-0.5995689047866124,1.9504083349501258
0.23381913838040505,-0.598918738850759,1.952250241741815
0.23355854918699986,-0.5982690517935688,1.9540921485335043
0.2332967637733082,-0.5976198458191829,1.9559340553251936
0.23303378302746844,-0.5969711231301104,1.9577759621168829
0.23276960784167422,-0.5963228859272204,1.9559340553251936
0.23250662709583444,-0.5956741632381478,1.9540921485335043
0.2322448416821428,-0.5950249572637619,1.952250241741815
0.2319842524887376,-0.5943752702065718,1.9504083349501258
0.23172486039969892,-0.5937251042707183,1.9485664281584365
0.23146666629504542,-0.5930744616619674,1.9467245213667472
0.2312096710507315,-0.592423344587702,1.944882614575058
0.2309538755386443,-0.5917717552569145,1.9430407077833687
0.23069928062660067,-0.5911196958801999,1.9411988009916794
0.23044588717834436,-0.5904671686697475,1.9393568941999901
0.23019369605354292,-0.589814175839334,1.9375149874083009
0.22994270810778497,-0.5891607196043158,1.9356730806166116
0.22969292419257714,-0.5885068021816213,1.9338311738249223
0.22944434515534123,-0.5878524257897436,1.931989267033233
0.2291969718394114,-0.587197592648733,1.9301473602415438
0.2289508050840312,-0.5865423049801891,1.9283054534498545
0.22870584572435082,-0.585886565007254,1.9264635466581652
0.2284620945914242,-0.5852303749546038,1.924621639866476
0.22821955251220621,-0.584573737048442,1.9227797330747867
0.22797822030954992,-0.583916653516491,1.9209378262830974
0.2277380988022037,-0.5832591265879856,1.9190959194914081
0.22749918880480846,-0.5826011584936645,1.9172540126997188
0.22726149112789498,-0.581942751465763,1.9154121059080296
0.22702500657788108,-0.581283907738006,1.9135701991163403
0.2267897359570689,-0.5806246295455996,1.911728292324651
0.22655568006364216,-0.579964919125224,1.9098863855329618
0.2263228396916635,-0.5793047787150256,1.9080444787412725
0.22609121563107173,-0.5786442105546099,1.9087081658242948
0.22585915321096958,-0.5779837962655637,1.9093798782398772
0.2256266472347764,-0.5773235380047033,1.9100598609745378
0.22539369234815268,-0.5766634379965241,1.910748370129708
0.22516028303188143,-0.5760034985363629,1.9114456736037972
0.22492641359431476,-0.5753437219937576,1.9121520518272908
0.2246920781633517,-0.5746841108160208,1.9128677985559037
0.2244572706779106,-0.574024667532045,1.9135932217273697
0.2242219848788554,-0.5733653947563573,1.9143286443880805
0.2239862142993318,-0.5727062951934451,1.9150744056965157
0.22374995225446442,-0.5720473716423747,1.9158308620112106
0.2235131918303611,-0.5713886270017298,1.916598388071944
0.22327592587236572,-0.5707300642748946,1.9173773782838799
0.2230381469724936,-0.570071686575716,1.9181682481156035
0.222799847455978,-0.5694134971345759,1.9189714356233711
0.22256101936684708,-0.5687554993049122,1.9197874031154736
0.2223216544524431,-0.5680976965702323,1.920616638972429
0.2220817441467847,-0.5674400925516627,1.9214596596408144
0.2218412795526629,-0.5667826910160897,1.9223170118209598
0.22160025142234746,-0.5661254958849478,1.9231892748715296
0.22135865013676706,-0.5654685112437224,1.9240770634572624
0.22111646568300908,-0.5648117413522399,1.9249810304699235
0.2208736876299664,-0.5641551906558265,1.9259018702569428
0.22063030510193704,-0.563498863797432,1.9268403221973815
0.2203863067499568,-0.5628427656308205,1.9277971746709543
0.22014168072061707,-0.5621869012349509,1.9287732694729947
0.21989641462208642,-0.56153127592968,1.9297695067367324
0.21965049548701557,-0.5608758952929459,1.9307868504343135
0.2194039097319611,-0.5602207651796064,1.931826334539982
0.21915664311291064,-0.5595658917421367,1.9328890699531889
0.21890868067643024,-0.5589112814534193,1.9339762522966182
0.21866000670588384,-0.5582569411318948,1.9350891707248987
0.21841060466208778,-0.5576028779693866,1.9361560353728215
0.2181605049634932,-0.5569490812572788,1.9372262268251392
0.21790970572060014,-0.5562955525740795,1.9382997915972726
0.21765820501699823,-0.5556422935166698,1.9393767769868424
0.2174060009089294,-0.5549893057006479,1.9404572310917796
0.21715309142484066,-0.5543365907606794,1.9415412028289591
0.21689947456492678,-0.5536841503508584,1.9426287419533719
0.21664514830066228,-0.5530319861450749,1.943719899077855
0.21639011057432297,-0.5523800998373926,1.9448147256934014
0.21613435929849617,-0.5517284931424354,1.945913274190067
0.2158778923555796,-0.5510771677957836,1.947015597878497
0.21562070759726867,-0.5504261255543795,1.9481217510120945
0.21536280284403153,-0.5497753681969431,1.9492317888098534
0.21510417588457184,-0.5491248975243984,1.9503457674798796
0.2148448244752787,-0.5484747153603108,1.951463744243626
0.21458474633966332,-0.5478248235513342,1.952585777360866
0.21432393916778242,-0.5471752239676709,1.9537119261554348
0.2140624006156473,-0.5465259185035425,1.9548422510417647
0.21380012830461884,-0.5458769090776727,1.9559768135522442
0.21353711982078744,-0.5452281976337836,1.9571156763654327
0.2132733727143379,-0.5445797861411036,1.9582589033351618
0.21300888449889843,-0.5439316765948896,1.9594065595205576
0.21274365265087336,-0.5432838710169627,1.960558711217018
0.21247767460875927,-0.5426363714562578,1.9617154259881817
0.21221094777244384,-0.5419891799893879,1.9628767726989285
0.21194346950248683,-0.5413422987212244,1.9640428215494479
0.21167523711938263,-0.540695729785492,1.9652136441104209
0.21140624790280407,-0.54004947534538,1.9663893133593562
0.21113649909082652,-0.5394035375941711,1.9675699037181267
0.21086598787913172,-0.538757918755887,1.9687554910917549
0.210594711420191,-0.5381126210859511,1.9699461529084967
0.21032266682242678,-0.5374676468718718,1.971141968161275
0.21004985114935187,-0.5368229984339424,1.972343017450518
0.20977626141868586,-0.5361786781259634,1.9735493830284612
0.20950189460144764,-0.5355346883359834,1.9747611488449686
0.20922674762102358,-0.534891031487062,1.975978400594942
0.20895081735221016,-0.5342477100380549,1.977201225767378
0.2086741006202304,-0.533604726484422,1.9784297136961466
0.20839659419972328,-0.5329620833590583,1.979663955612561
0.20811829481370506,-0.5323197832331499,1.9809040446998145
0.20783919913250137,-0.5316778287170559,1.982150076149366
0.2075593037726496,-0.5310362224612156,1.983402147219356
0.2072786052957699,-0.5303949671570837,1.9846603572951416
0.20699710020740408,-0.5297540655380936,1.9859248079520424
0.20671478495582118,-0.5291135203806505,1.987195603020395
0.2064316559307885,-0.5284733345051549,1.9884728486530163
0.20614770946230673,-0.5278335107770573,1.9897566533951856
0.20586294181930814,-0.5271940521079465,1.9910471282572546
0.20557734920831613,-0.5265549614566717,1.9923443867900068
0.20529092777206506,-0.5259162418305008,1.9936485451628896
0.20500367358807864,-0.5252778962863146,1.9949597222452513
0.2047155826672054,-0.5246399279318404,1.996278039690721
0.2044266509521098,-0.5240023399269251,1.9976036220248763
0.20413687431571673,-0.5233651354848496,1.9989365967363566
0.2038462485596085,-0.5227283178736872,2.0002770943715773
0.20355476941237172,-0.5220918904177065,2.001625248633223
0.20326243252789236,-0.521455856498821,2.0029811964826965
0.20296923348359724,-0.520820219558088,2.0043450782467143
0.2026751677786394,-0.5201849830972581,2.005717037728251
0.2023802308320254,-0.5195501506803779,2.007097222322046
0.2020844179806822,-0.5189157259354473,2.008485783134895
0.20178772447746107,-0.5182817125561355,2.0098828751109665
0.2014901454890761,-0.5176481143035561,2.0112886571623942
0.2011916760939744,-0.5170149350081052,2.012703292305411
0.2008923112801356,-0.5163821785713658,2.014126947802309
0.20059204594279723,-0.5157498489680789,2.0155597953095192
0.20029087488210318,-0.5151179502481874,2.0170020110321336
0.19998879280067192,-0.5144864865389546,2.018453775885203
0.19968579430108085,-0.5138554620471593,2.0199152756621643
0.19938187388326364,-0.5132248810613741,2.02138670121078
0.19907702594181625,-0.5125947479543282,2.022868248616986
0.198771244763208,-0.5119650671853596,2.0243601193970804
0.19846452452289343,-0.5113358433029606,2.0258625206986993
0.19815685928232044,-0.5107070809474213,2.0273756655110695
0.19784824298583023,-0.5100787848535765,2.0288997728850418
0.19753866945744392,-0.5094509598536582,2.0304350681634604
0.19722813239753093,-0.5088236108802625,2.031981783222441
0.19691662537935353,-0.5081967429694342,2.0335401567241846
0.1966041418454819,-0.5075703612638751,2.035110434381979
0.19629067510407347,-0.5069444710162831,2.0366928692381006
0.19597621832501047,-0.5063190775928277,2.0382877219553657
0.19566076453588854,-0.5056941864767693,2.0398952611231302
0.19534430661784954,-0.5050698032722303,2.0415157635786016
0.19502683730125092,-0.5044459337081239,2.0431495147443766
0.19470834916116345,-0.5038225836422511,2.0447968089831887
0.19438883461268924,-0.5031997590655737,2.046457949970914
0.1940682859060908,-0.5025774661066724,2.0481332510889616
0.19374669512172155,-0.5019557110364006,2.0498230358372544
0.19342405416474798,-0.5013345002727436,2.0515276382690937
0.19310035475965268,-0.5007138403858966,2.0532474034492942
0.1927755884445067,-0.5000937381035702,2.0549826879370845
0.19244974656499944,-0.4994742003165392,2.0567338602953664
0.1921228202682131,-0.4988552340844477,2.0585013016280644
0.1917948004961282,-0.4982368466418833,2.060285406147411
0.1914656779788457,-0.4976190454047385,2.0620865817731664
0.19113544322751,-0.4970018379768747,2.0639052507659224
0.1908040865269169,-0.49638523215710645,2.0657418503968086
0.19047159792778864,-0.4957692359465258,2.0675837571884976
0.1901379752857017,-0.49515385319352817,2.0694256639801867
0.1898032197325108,-0.4945390859858732,2.0712675707718757
0.18946733240391422,-0.49392493640923224,2.073109477563565
0.18913031443944991,-0.49331140654718125,2.074951384355254
0.18879216698249165,-0.4926984984811936,2.076793291146943
0.18845289118024516,-0.4920862142906334,2.078635197938632
0.1881124881837442,-0.4914745560527479,2.080477104730321
0.18777095914784667,-0.49086352584266096,2.08231901152201
0.1874283052312307,-0.49025312573336566,2.084160918313699
0.1870845275963907,-0.4896433577957174,2.086002825105388
0.1867396274096334,-0.4890342240984269,2.087844731897077
0.18639360584107403,-0.4884257267080531,2.0896866386887663
0.18604646406463213,-0.48781786768899627,2.0915285454804553
0.18569820325802772,-0.4872106491034908,2.0933704522721444
0.18534882460277727,-0.48660407301159847,2.0952123590638334
0.18499832928418966,-0.48599814147120124,2.0970542658555225
0.18464671849136222,-0.48539285653799435,2.0988961726472115
0.18429399341717664,-0.4847882202654794,2.1007380794389006
0.18394015525829494,-0.4841842347049573,2.1025799862305896
0.18358520521515542,-0.48358090190552133,2.1044218930222787
0.1832291444919686,-0.4829782239140502,2.1062637998139677
0.18287197429671304,-0.48237620277520116,2.1081057066056568
0.18251369584113142,-0.4817748405314029,2.109947613397346
0.18215431034072627,-0.48117413922284885,2.111789520189035
0.1817938190147559,-0.4805741008874901,2.113631426980724
0.18143222308623025,-0.47997472756102844,2.115473333772413
0.1810695237819068,-0.4793760212769097,2.117315240564102
0.18070572233228635,-0.47877798406631655,2.119157147355791
0.18034081997160883,-0.4781806179581618,2.12099905414748
0.1799748179378492,-0.4775839249790814,2.122840960939169
0.17960771747271315,-0.47698790715342776,2.1246828677308582
0.17923951982163291,-0.47639256650326267,2.1265247745225473
0.1788702262337631,-0.4757979050483505,2.1283666813142363
0.17849983796197644,-0.4752039248061514,2.1302085881059254
0.17812835626285942,-0.4746106277918145,2.1320504948976144
0.17775578239670817,-0.47401801601817084,2.1338924016893035
0.1773821176275241,-0.4734260914957268,2.1357343084809925
0.17700736322300967,-0.47283485623265714,2.1375762152726816
0.17663152045456407,-0.4722443122347983,2.1394181220643707
0.17625459059727883,-0.4716544615056414,2.1412600288560597
0.1758765749299336,-0.4710653060463256,2.1431019356477488
0.1754974747349918,-0.47047684785563143,2.144943842439438
0.1751172912985962,-0.4698890889299736,2.146785749231127
0.1747360259105646,-0.46930203126339465,2.148627656022816
0.17435367986438546,-0.468715676847558,2.150469562814505
0.17397025445721348,-0.4681300276717411,2.152311469606194
0.17358575098986526,-0.46754508572282893,2.150469562814505
0.17320232558269327,-0.46695943654701205,2.148627656022816
0.17281997953651412,-0.4663730821311754,2.146785749231127
0.17243871414848252,-0.46578602446459644,2.144943842439438
0.17205853071208693,-0.4651982655389386,2.1431019356477488
0.17167943051714513,-0.4646098073482444,2.1412600288560597
0.1713014148497999,-0.46402065188892866,2.1394181220643707
0.17092448499251467,-0.46343080115977175,2.1375762152726816
0.17054864222406907,-0.4628402571619129,2.1357343084809925
0.17017388781955464,-0.46224902189884326,2.1338924016893035
0.16980022305037057,-0.4616570973763992,2.1320504948976144
0.16942764918421932,-0.46106448560275554,2.1302085881059254
0.1690561674851023,-0.4604711885884186,2.1283666813142363
0.16868577921331562,-0.45987720834621953,2.1265247745225473
0.16831648562544582,-0.4592825468913074,2.1246828677308582
0.1679482879743656,-0.4586872062411423,2.122840960939169
0.16758118750922954,-0.4580911884154886,2.12099905414748
0.1672151854754699,-0.45749449543640824,2.119157147355791
0.16685028311479239,-0.4568971293282535,2.117315240564102
0.16648648166517194,-0.45629909211766034,2.115473333772413
0.1661237823608485,-0.4557003858335416,2.113631426980724
0.16576218643232285,-0.45510101250707996,2.111789520189035
0.16540169510635247,-0.4545009741717212,2.109947613397346
0.16504230960594732,-0.45390027286316714,2.1081057066056568
0.1646840311503657,-0.4532989106193689,2.1062637998139677
0.16432686095511015,-0.45269688948051984,2.1044218930222787
0.1639708002319233,-0.4520942114890487,2.1025799862305896
0.1636158501887838,-0.45149087868961274,2.1007380794389006
0.1632620120299021,-0.45088689312909064,2.0988961726472115
0.16290928695571652,-0.4502822568565757,2.0970542658555225
0.16255767616288908,-0.4496769719233688,2.0952123590638334
0.16220718084430147,-0.4490710403829716,2.0933704522721444
0.16185780218905102,-0.4484644642910792,2.0915285454804553
0.1615095413824466,-0.4478572457055738,2.0896866386887663
0.1611623996060047,-0.4472493866865169,2.087844731897077
0.16081637803744533,-0.44664088929614315,2.086002825105388
0.16047147785068805,-0.44603175559885266,2.084160918313699
0.16012770021584805,-0.4454219876612044,2.08231901152201
0.15978504629923207,-0.4448115875519091,2.080477104730321
0.15944351726333453,-0.4442005573418221,2.078635197938632
0.15910311426683357,-0.4435888991039367,2.076793291146943
0.15876383846458708,-0.4429766149133764,2.074951384355254
0.15842569100762882,-0.4423637068473888,2.073109477563565
0.1580886730431645,-0.4417501769853378,2.0712675707718757
0.15775278571456794,-0.44113602740869684,2.0694256639801867
0.15741803016137704,-0.4405212602010419,2.0675837571884976
0.1570844075192901,-0.43990587744804427,2.0657418503968086
0.15675191892016183,-0.4392898812374636,2.0638999436051195
0.15642056549199962,-0.43867327365914077,2.0620580368134305
0.15609034835895963,-0.43805605680499077,2.0602161300217414
0.155761268641343,-0.43743823276899557,2.0583742232300524
0.15543332745559205,-0.43681980364719725,2.0565323164383633
0.15510652591428647,-0.43620077153769055,2.0546904096466743
0.15478086512613964,-0.435581138540616,2.052848502854985
0.15445634619599474,-0.4349609067581527,2.051006596063296
0.1541329702248211,-0.43434007829451116,2.049164689271607
0.15381073830971034,-0.4337186552559263,2.047322782479918
0.15348965154387284,-0.4330966397506501,2.045480875688229
0.15316971101663387,-0.4324740338889446,2.04363896889654
0.15285091781342994,-0.4318508397830747,2.041797062104851
0.15253327301580516,-0.431227059547301,2.039955155313162
0.1522167777014075,-0.4306026952978726,2.038113248521473
0.15190143294398523,-0.4299777491530199,2.0362713417297837
0.15158723981338312,-0.42935222323294747,2.0344294349380947
0.15127419937553901,-0.4287261196598269,2.0325875281464056
0.15096231269248003,-0.4280994405577894,2.0307456213547166
0.15065158082231905,-0.427472188052919,2.0289037145630275
0.15034200481925117,-0.4268443642732447,2.0270618077713385
0.15003358573355,-0.42621597134873385,2.0252199009796494
0.1497263246115642,-0.4255870114112847,2.0233779941879604
0.1494202224957139,-0.42495748659471905,2.0215360873962713
0.14911528042448718,-0.42432739903477523,2.0196941806045823
0.1488114994324365,-0.4236967508691007,2.0178522738128932
0.1485088805501752,-0.42306554423724474,2.016010367021204
0.14820742480437407,-0.42243378128065145,2.014168460229515
0.1479071332177578,-0.4218014641426523,2.012326553437826
0.14760800680910155,-0.42116859496845876,2.010484646646137
0.14731004659322744,-0.42053517590515527,2.008642739854448
0.14701325358100115,-0.4199012091016918,2.006800833062759
0.1467176287793285,-0.4192666967088767,2.00495892627107
0.14642317319115203,-0.41863164087936905,2.003117019479381
0.14612988781544753,-0.4179960437676718,2.0012751126876918
0.14583777364722075,-0.41735990753012425,1.9994332058960025
0.14554683167750396,-0.41672323432489466,1.9975912991043132
0.1452570628933526,-0.4160860263119731,1.995749392312624
0.144968468277842,-0.415448285653164,1.9939074855209347
0.14468104881006386,-0.41481001451207883,1.9920655787292454
0.14439480546512315,-0.4141712150541289,1.9902236719375561
0.14410973921413467,-0.41353188944651775,1.9883817651458668
0.14382585102421977,-0.41289203985823403,1.9865398583541776
0.14354314185850314,-0.412251668460044,1.9846979515624883
0.14326161267610946,-0.4116107774244844,1.982856044770799
0.14298126443216014,-0.41096936892585456,1.9810141379791097
0.14270209807777015,-0.4103274451402097,1.9791722311874205
0.14242411456004478,-0.4096850082453531,1.9773303243957312
0.14214731482207635,-0.40904206042082875,1.975488417604042
0.14187169980294112,-0.4083986038479141,1.9736465108123527
0.14159727043769602,-0.40775464070961254,1.9718046040206634
0.1413240276573755,-0.40711017319064613,1.969962697228974
0.14105197238898842,-0.406465203477448,1.9681207904372848
0.14078110555551482,-0.40581973375815517,1.9662788836455956
0.14051142807590283,-0.4051737662226008,1.9644369768539063
0.14024294086506559,-0.40452730306230716,1.962595070062217
0.1399756448338781,-0.4038803464704778,1.9607531632705277
0.1397095408891741,-0.40323289864199047,1.9589112564788385
0.1394446299337431,-0.4025849617733893,1.9570693496871492
0.1391809128663272,-0.40193653806287777,1.95522744289546
0.13891839058161812,-0.40128762971031084,1.9533855361037706
0.13865706397025412,-0.40063823891718775,1.9515436293120814
0.13839693391881702,-0.3999883678866445,1.949701722520392
0.13813800130982914,-0.39933801882344633,1.9478598157287028
0.13788026702175032,-0.3986871939339803,1.9460179089370135
0.137623731928975,-0.3980358954262476,1.9441760021453243
0.1373683969018292,-0.3973841255098565,1.942334095353635
0.13711426280656752,-0.3967318863960144,1.9404921885619457
0.1368613305053703,-0.39607918029752054,1.9386502817702564
0.13660960085634063,-0.39542600942875844,1.9368083749785672
0.13635907471350148,-0.3947723760056885,1.934966468186878
0.13610975292679278,-0.3941182822458403,1.9331245613951886
0.13586163634206852,-0.3934637303683052,1.9312826546034993
0.1356147258010939,-0.39280872259372873,1.92944074781181
0.13536902214154248,-0.3921532611443032,1.9275988410201208
0.13512452619699333,-0.39149734824376,1.9257569342284315
0.1348812387969282,-0.3908409861173621,1.9239150274367423
0.13463916076672872,-0.3901841769918966,1.922073120645053
0.13439829292767355,-0.3895269230956671,1.9202312138533637
0.13415863609693568,-0.38886922665848606,1.9183893070616744
0.13392019108757958,-0.3882110899116673,1.9165474002699852
0.13368295870855848,-0.3875525150880185,1.9147054934782959
0.13344693976471164,-0.3868935044218337,1.9128635866866066
0.13321213505676155,-0.3862340601488853,1.9110216798949173
0.13297854538131126,-0.3855741845064169,1.909179773103228
0.13274617153084173,-0.3849138797331357,1.9073378663115388
0.13251501429370904,-0.3842531480692046,1.9054959595198495
0.13228507445414178,-0.3835919917562348,1.9036540527281602
0.13205635279223837,-0.3829304130372783,1.901812145936471
0.13182885008396444,-0.38226841415682,1.8999702391447817
0.13160256710115015,-0.3816059973607704,1.8981283323530924
0.13137750461148756,-0.3809431648964577,1.8962864255614031
0.13115366337852813,-0.3802799190126203,1.8944445187697139
0.13093104416168003,-0.37961626195939935,1.8926026119780246
0.1307096477162056,-0.37895219598833074,1.8907607051863353
0.13048947479321876,-0.3782877233523378,1.888918798394646
0.1302705261396825,-0.3776228463057234,1.8870768916029568
0.13005280249840637,-0.37695756710416256,1.8852349848112675
0.12983630460804382,-0.37629188800469454,1.8833930780195782
0.12962103320308987,-0.37562581126571537,1.881551171227889
0.12940698901387854,-0.37495933914697005,1.8797092644361997
0.12919417276658032,-0.37429247390954506,1.8778673576445104
0.12898258518319983,-0.3736252178158605,1.8760254508528211
0.12877222698157326,-0.3729575731296625,1.8741835440611319
0.12856309887536596,-0.37228954211601556,1.8723416372694426
0.1283552015740701,-0.37162112704129485,1.8704997304777533
0.12814853578300212,-0.37095233017317847,1.868657823686064
0.12794310220330046,-0.37028315378063986,1.8668159168943748
0.12773890153192313,-0.36961360013394,1.8649740101026855
0.12753593446164532,-0.3689436715046198,1.8631321033109962
0.12733420168105714,-0.3682733701654923,1.861290196519307
0.12713370387456116,-0.3676026983906349,1.8594482897276177
0.1269344417223702,-0.366931658455382,1.8576063829359284
0.12673641590050494,-0.36626025263631684,1.8557644761442391
0.1265396270807917,-0.36558848321126397,1.8539225693525498
0.12634407593086008,-0.36491635245928156,1.8520806625608606
0.12614976311414078,-0.36424386266065367,1.8502387557691713
0.12595668928986326,-0.36357101609688236,1.848396848977482
0.12576485511305358,-0.36289781505068014,1.8465549421857927
0.12557426123453214,-0.3622242618059621,1.8447130353941035
0.1253849083009115,-0.3615503586478383,1.8428711286024142
0.12519679695459415,-0.36087610786260577,1.841029221810725
0.12500992783377032,-0.360201511737741,1.8391873150190357
0.12482430157241586,-0.35952657256189213,1.8373454082273464
0.1246399188002901,-0.35885129262487103,1.835503501435657
0.12445678014293364,-0.35817567421764573,1.8336615946439678
0.1242748862216663,-0.3574997196323325,1.8318196878522786
0.12409423765358497,-0.3568234311621882,1.8299777810605893
0.12391483505156155,-0.3561468111016023,1.8281358742689
0.12373667902424082,-0.3554698617460894,1.8262939674772107
0.12355977017603843,-0.3547925853922812,1.8244520606855215
0.12338410910713883,-0.35411498433791877,1.8226101538938322
0.1232096964134932,-0.3534370608818448,1.820768247102143
0.12303653268681748,-0.3527588173239957,1.8189263403104536
0.12286461851459034,-0.352080255965394,1.8170844335187644
0.12269395448005117,-0.3514013791081402,1.815242526727075
0.12252454116219814,-0.3507221890554053,1.8134006199353858
0.12235637913578622,-0.35004268811142286,1.8115587131436965
0.12218946897132518,-0.34936287858148113,1.8097168063520073
0.12202381123507774,-0.3486827627719153,1.807874899560318
0.1218594064890576,-0.34800234299009963,1.8060329927686287
0.12169625529102752,-0.3473216215444397,1.8041910859769394
0.12153435819449748,-0.3466406007443644,1.8023491791852502
0.12137371574872274,-0.3459592829003184,1.800507272393561
0.12121432849870203,-0.34527767032375395,1.7986653656018716
0.12105619698517567,-0.34459576532712327,1.7968234588101824
0.12089932174462374,-0.3439135702238707,1.794981552018493
0.12074370330926426,-0.3432310873284248,1.7931396452268038
0.1205893422070514,-0.34254831895619037,1.7912977384351145
0.12043623896167369,-0.3418652674235409,1.7894558316434253
0.12028439409255219,-0.3411819350478104,1.787613924851736
0.1201338081148388,-0.34049832414728576,1.7857720180600467
0.11998448153941446,-0.3398144370411988,1.7839301112683574
0.11983641487288746,-0.3391302760497183,1.7820882044766682
0.11968960861759168,-0.3384458434939423,1.7802462976849789
0.1195440632715849,-0.3377611416958902,1.7784043908932896
0.11939977932864713,-0.3370761729784948,1.7765624841016003
0.11925675727827892,-0.33639093966559436,1.774720577309911
0.11911499760569969,-0.335705444081925,1.7728786705182218
0.11897450079184607,-0.3350196885531124,1.7710367637265325
0.11883526731337035,-0.3343336754056644,1.7691948569348432
0.11869729764263874,-0.3336474069669626,1.767352950143154
0.11856059224772987,-0.3329608855652548,1.7655110433514647
0.11842515159243316,-0.3322741135296471,1.7636691365597754
0.11829097613624724,-0.3315870931900957,1.7618272297680861
0.11815806633437839,-0.3308998268773994,1.7599853229763969
0.11802642263773902,-0.33021231692319136,1.7581434161847076
0.11789604549294613,-0.32952456565993143,1.7563015093930183
0.11776693534231979,-0.328836575420898,1.754459602601329
0.11763909262388161,-0.3281483485401804,1.7526176958096398
0.11751251777135335,-0.32745988735267056,1.7507757890179505
0.11738721121415532,-0.32677119419405554,1.7489338822262612
0.11726317337740502,-0.3260822714008092,1.747091975434572
0.11714040468191565,-0.32539312131018466,1.7452500686428827
0.11701890554419471,-0.32470374626020604,1.7434081618511934
0.11689867637644255,-0.32401414858966066,1.7415662550595041
0.11677971758655102,-0.32332433063809113,1.7397243482678149
0.11666202957810205,-0.3226342947457875,1.7378824414761256
0.11654561275036629,-0.321944043253779,1.7360405346844363
0.11643046749830176,-0.32125357850382646,1.734198627892747
0.1163165942125525,-0.3205629028384142,1.7323567211010578
0.11620399327944726,-0.31987201860074205,1.7305148143093685
0.11609266508099819,-0.31918092813471743,1.7286729075176792
0.11598260999489952,-0.3184896337849475,1.72683100072599
0.11587382839452631,-0.31779813789673106,1.7249890939343007
0.11576632064893315,-0.31710644281605066,1.7231471871426114
0.11566008712285293,-0.3164145508895646,1.7213052803509221
0.1155551281766956,-0.3157224644645991,1.7194633735592328
0.11545144416654694,-0.31503018588914017,1.7176214667675436
0.11534903544416739,-0.31433771751182565,1.7157795599758543
0.11524790235699076,-0.31364506168193745,1.713937653184165
0.11514804524812317,-0.31295222074939333,1.7120957463924757
0.1150494644563418,-0.3122591970647391,1.7102538396007865
0.1149521603160938,-0.3115659929791405,1.7084119328090972
0.1148561331574951,-0.31087261084437534,1.706570026017408
0.11476138330632933,-0.31017905301282556,1.7047281192257187
0.1146679110840467,-0.309485321837469,1.7028862124340294
0.1145757168077629,-0.3087914196718718,1.70104430564234
0.11448480079025806,-0.30809734887018003,1.6992023988506508
0.11439516333997564,-0.30740311178711194,1.6973604920589616
0.11430680476102141,-0.3067087107779499,1.6955185852672723
0.11421972535316244,-0.3060141481985325,1.693676678475583
0.11413392541182603,-0.3053194264052464,1.6918347716838937
0.11404940522809875,-0.3046245477550184,1.6899928648922045
0.11396616508872545,-0.3039295146053075,1.6881509581005152
0.11388420527610825,-0.3032343293140968,1.686309051308826
0.11380352606830563,-0.30253899423988556,1.6844671445171366
0.11372412773903146,-0.3018435117416813,1.6826252377254474
0.11364601055765405,-0.3011478841789916,1.680783330933758
0.11356917478919532,-0.30045211391181614,1.6789414241420688
0.11349362069432978,-0.2997562033006389,1.6770995173503795
0.11341934852938376,-0.2990601547064199,1.6752576105586903
0.11334635854633446,-0.29836397049058727,1.673415703767001
0.11327465099280913,-0.2976676530150293,1.6715737969753117
0.11320422611208424,-0.2969712046420863,1.6697318901836224
0.1131350841430846,-0.29627462773454283,1.6678899833919332
0.11306722532038263,-0.29557792465561933,1.666048076600244
0.11300064987419751,-0.2948810977689644,1.6642061698085546
0.11293535803039441,-0.29418414943864657,1.6623642630168654
0.1128713500104837,-0.29348708202914653,1.660522356225176
0.11280862603162028,-0.2927898979053489,1.6586804494334868
0.11274718630660274,-0.29209259943253413,1.6568385426417975
0.11268703104387269,-0.29139518897637084,1.6549966358501083
0.11262816044751407,-0.29069766890290744,1.653154729058419
0.11257057471725242,-0.29000004157856424,1.6513128222667297
0.11251427404845421,-0.28930230937012547,1.6494709154750404
0.1124592586321262,-0.2886044746447311,1.6476290086833512
0.1124055286549148,-0.28790653976986896,1.6457871018916619
0.11235308429910536,-0.2872085071133666,1.6439451950999726
0.11230192574262164,-0.2865103790433834,1.6421032883082833
0.11225205315902517,-0.2858121579284023,1.640261381516594
0.11220346671751465,-0.28511384613722207,1.6384194747249048
0.1121561665829254,-0.28441544603894897,1.6365775679332155
0.11211015291572879,-0.28371696000298896,1.6347356611415262
0.1120654258720317,-0.2830183903990395,1.632893754349837
0.11202198560357596,-0.2823197395970815,1.6310518475581477
0.11197983225773789,-0.28162100996737155,1.6292099407664584
0.11193896597752775,-0.28092220388043343,1.6273680339747691
0.1118993869015893,-0.28022332370705044,1.6255261271830799
0.11186109516419929,-0.2795243718182572,1.6236842203913906
0.11182409089526701,-0.2788253505853316,1.6218423135997013
0.11178837422033389,-0.2781262623797869,1.620000406808012
0.111753945260573,-0.2774271095733634,1.6181585000163228
0.11172080413278872,-0.27672789453802077,1.6163165932246335
0.11168895094941629,-0.2760286196459297,1.6144746864329442
0.11165838581852144,-0.2753292872694638,1.612632779641255
0.11162910884380005,-0.274629899781192,1.6107908728495657
0.11160112012457775,-0.27393045955386996,1.6089489660578764
0.11157441975580962,-0.2732309689604324,1.6071070592661871
0.11154900782807986,-0.27253143037398486,1.6052651524744979
0.11152488442760147,-0.27183184616779565,1.6034232456828086
0.11150204963621597,-0.271132218715288,1.6015813388911193
0.11148050353139315,-0.27043255039003167,1.59973943209943
0.11146024618623071,-0.26973284356573524,1.5978975253077408
0.11144127766945414,-0.26903310061623786,1.5960556185160515
0.11142359804541639,-0.2683333239155012,1.5942137117243622
0.11140720737409772,-0.2676335158376015,1.592371804932673
0.11139210571110543,-0.2669336787567213,1.5905298981409837
0.11137829310767372,-0.2662338150471418,1.5886879913492944
0.1113657696106635,-0.26553392708323426,1.5868460845576051
0.11135453526256223,-0.2648340172394524,1.5850041777659158
0.11134459010148379,-0.2641340878903241,1.5831622709742266
0.11133593416116831,-0.2634341414104435,1.5813203641825373
0.11132856747098213,-0.26273418017446276,1.579478457390848
0.11132249005591761,-0.26203420655708415,1.5776365505991587
0.11131770193659311,-0.26133422293305186,1.5757946438074695
0.1113142031292529,-0.26063423167714417,1.5739527370157802
0.1113119936457671,-0.2599342351641652,1.572110830224091
0.11131107349363166,-0.25923423576893684,1.5702689234324017
0.11131144267596829,-0.2585342358662908,1.5684270166407124
0.1113131011915245,-0.25783423783106063,1.566585109849023
0.11131604903467358,-0.25713424403807333,1.5647432030573338
0.11132028619541462,-0.2564342568621416,1.5629012962656446
0.11132581265937254,-0.25573427867805576,1.5610593894739553
0.11133262840779816,-0.2550343118605755,1.559217482682266
0.11134073341756823,-0.2543343587844221,1.5573755758905767
0.11135012766118553,-0.2536344218242701,1.5555336690988875
0.11136081110677896,-0.2529345033547394,1.5536917623071982
0.11137278371810368,-0.2522346057503871,1.551849855515509
0.11138604545454114,-0.25153473138569965,1.5500079487238196
0.11140059627109933,-0.2508348826350846,1.5481660419321304
0.11141643611841286,-0.2501350618728625,1.546324135140441
0.11143356494274315,-0.2494352714732591,1.5444822283487518
0.11145198268597861,-0.2487355138103971,1.5426403215570625
0.11147168928563486,-0.24803579125828806,1.5407984147653733
0.11149268467485489,-0.2473361061908245,1.538956507973684
0.11151496878240932,-0.24663646098177172,1.5371146011819947
0.11153854153269667,-0.24593685800475984,1.5352726943903054
0.11156340284574355,-0.24523729963327567,1.5334307875986162
0.11158955263720498,-0.2445377882406547,1.531588880806927
0.11161699081836467,-0.24383832620007304,1.5297469740152376
0.1116457172961353,-0.24313891588453937,1.5279050672235484
0.11167573197305887,-0.2424395596668869,1.526063160431859
0.11170703474730698,-0.24174025991976528,1.5242212536401698
0.11173962551268123,-0.24104101901563257,1.5223793468484805
0.11177350415861353,-0.24034183932674724,1.5205374400567913
0.11180867057016655,-0.23964272322516003,1.518695533265102
0.11184512462803402,-0.238943673082706,1.5168536264734127
0.11188286620854117,-0.2382446912709964,1.5150117196817234
0.11192189518364519,-0.2375457801614107,1.5131698128900342
0.11196221142093561,-0.23684694212508844,1.5113279060983449
0.11200381478363476,-0.2361481795329213,1.5094859993066556
0.11204670513059826,-0.23544949475554502,1.5076440925149663
0.11209088231631548,-0.2347508901633313,1.505802185723277
0.11213634619091002,-0.23405236812637983,1.5039602789315878
0.11218309660014025,-0.23335393101451019,1.5021183721398985
0.11223113338539982,-0.23265558119725388,1.5002764653482092
0.11228045638371817,-0.23195732104384623,1.49843455855652
0.11233106542776114,-0.23125915292321836,1.4965926517648307
0.11238296034583148,-0.23056107920398916,1.4947507449731414
0.11243614096186948,-0.22986310225445727,1.4945986815782974
0.11248942771403668,-0.22916513339982014,1.4944457896553582
0.112542821179381,-0.22846717270045483,1.494292054477844
0.11259632194520594,-0.22776922021779133,1.4941374609565656
0.11264993060932312,-0.22707127601433982,1.4939819936275092
0.11270364778031314,-0.2263733401537188,1.4938256366392109
0.11275747407779528,-0.2256754127006842,1.493668373739596
0.11281141013270635,-0.2249774937211596,1.493510188262256
0.11286545658758906,-0.22427958328226746,1.4933510631121318
0.11291961409689043,-0.22358168145236137,1.4931909807505757
0.11297388332727044,-0.22288378830105957,1.4930299231797552
0.11302826495792176,-0.22218590389927967,1.4928678719263682
0.11308275968090056,-0.22148802831927455,1.4927048080246281
0.11313736820146936,-0.22079016163466977,1.492540711998484
0.11319209123845213,-0.22009230392050205,1.4923755638430292
0.11324692952460239,-0.21939445525325957,1.4922093430050585
0.11330188380698478,-0.21869661571092347,1.492042028362722
0.11335695484737086,-0.21799878537301118,1.4918735982042284
0.11341214342264966,-0.21730096432062118,1.4917040302055418
0.11346745032525375,-0.21660315263647972,1.4915333014070162
0.11352287636360166,-0.21590535040498926,1.4913613881889045
0.11357842236255715,-0.21520755771227887,1.4911882662456766
0.11363408916390658,-0.21450977464625653,1.491013910559079
0.11368987762685483,-0.2138120012966638,1.4908382953698571
0.113745788628541,-0.2131142377551324,1.4906613941480638
0.1138018230645747,-0.2124164841152434,1.4904831795618643
0.11385798184959411,-0.21171874047258862,1.49030362344475
0.11391426591784677,-0.21102100692483494,1.4901226967610592
0.11397067622379442,-0.210323283571791,1.4899403695696993
0.11402721374274305,-0.20962557051547692,1.489756610985958
0.11408387947149949,-0.2089278678601971,1.4895713891412807
0.11414067442905601,-0.20823017571261612,1.4893846711408836
0.11419759965730443,-0.20753249418183803,1.4891964230190575
0.11425465622178123,-0.20683482337948916,1.4890066096920167
0.11431184521244556,-0.2061371634198048,1.488815194908122
0.1143691677444918,-0.20543951441971964,1.4886221411953064
0.11442662495919871,-0.20474187649896267,1.488427409805507
0.11448421802481726,-0.2040442497801562,1.488230960655903
0.11454194813749925,-0.20334663438891995,1.4880327522667298
0.11459981652226929,-0.20264903045397972,1.4878327416954333
0.11465782443404247,-0.20195143810728167,1.4876308844668982
0.11471597315869064,-0.20125385748411198,1.4874271344994692
0.11477426401416009,-0.20055628872322268,1.4872214440264553
0.11483269835164381,-0.1998587319669635,1.4870137635127825
0.11489127755681176,-0.19916118736142066,1.4868040415664316
0.11495000305110274,-0.19846365505656283,1.4865922248442642
0.11500887629308164,-0.19776613520639447,1.4863782579518026
0.1150678987798665,-0.1970686279691175,1.4861620833364968
0.11512707204862978,-0.1963711335073016,1.485943641173959
0.11518639767817865,-0.19567365198806352,1.4857228692466051
0.1152458772906198,-0.19497618358325663,1.4854997028140866
0.11530551255311422,-0.19427872846967068,1.485274074474837
0.11536530517972832,-0.1935812868292429,1.485045914017991
0.11542525693338802,-0.19288385884928141,1.4848151482648646
0.11548536962794305,-0.1921864447227014,1.4845817008990967
0.11554564513034929,-0.1914890446482752,1.4843454922844683
0.1156060853629779,-0.19079165883089733,1.4841064392693104
0.11566669230606032,-0.1900942874818657,1.4838644549762963
0.1157274680002795,-0.18939693081917996,1.4836194485762917
0.11578841454951828,-0.18869958906785864,1.4833713250447866
0.1158495341237772,-0.1880022624602762,1.4831199848992769
0.11591082896227478,-0.18730495123652202,1.4828653239157772
0.11597230137674493,-0.18660765564478263,1.4826072328224462
0.11603395375494735,-0.18591037594174947,1.4823455969680681
0.11609578856440839,-0.18521311239305435,1.4820802959628767
0.1161578083564115,-0.18451586527373445,1.4818112032889046
0.11622001577025864,-0.18381863486873015,1.4815381858767025
0.11628241353782588,-0.18312142147341806,1.4812611036448866
0.116345004488439,-0.18242422539418257,1.4809798089985267
0.11640779155409776,-0.18172704694902955,1.4806941462818803
0.11647077777508065,-0.18102988646824605,1.4804039511803997
0.11653396630596502,-0.18033274429511012,1.4801090500662573
0.11659736042210234,-0.17963562078665615,1.4798092592808747
0.11666096352659187,-0.17893851631450058,1.4795043843470324
0.11672477915780204,-0.17824143126573447,1.479194219102105
0.11678881099749401,-0.17754436604388957,1.478878544742757
0.11685306287960927,-0.17684732106998569,1.4785571287700214
0.11691753879979011,-0.1761502967836679,1.4782297238220365
0.11698224292571137,-0.17545329364444343,1.477896066379776
0.11704717960831133,-0.17475631213302945,1.4775558753288252
0.11711235339402203,-0.17405935275282416,1.477208850357563
0.11717776903811243,-0.17336241603151567,1.4768546701689045
0.11724343151927412,-0.172665502522845,1.4764929904789537
0.11730934605559733,-0.171968612808542,1.4761234417713667
0.11737551812210707,-0.17127174750045598,1.4757456267707587
0.11744195347005451,-0.17057490724290544,1.4753591175919079
0.11750865814818862,-0.1698780927152763,1.4749634525135422
0.11757563852626887,-0.1691813046349016,1.474558132315804
0.117642901321122,-0.168484543760262,1.4741426161086386
0.11771045362559614,-0.16778781089455216,1.4737163165638123
0.11777830294082661,-0.1670911068896672,1.4732785944452769
0.11784645721230037,-0.16639443265067175,1.472828752310283
0.11791492487029485,-0.16569778914082703,1.472366027225723
0.11798371487537487,-0.16500117738726477,1.4718895823090825
0.11805283676976353,-0.16430459848741485,1.4713984968589051
0.11812230073556616,-0.1636080536163154,1.4717647679186785
0.11819150957248693,-0.16291148334929845,1.4721330210891828
0.11826046189051148,-0.16221488764313952,1.4725032914274345
0.11832915627508749,-0.16151826645373474,1.472875614847918
0.11839759128652409,-0.16082161973608677,1.4732500281510161
0.11846576545937136,-0.16012494744429057,1.4736265690526262
0.11853367730177897,-0.1594282495315186,1.474005276215023
0.11860132529483336,-0.15873152595000603,1.4743861892790318
0.11866870789187228,-0.15803477665103524,1.474769348897576
0.11873582351777587,-0.15733800158492023,1.4751547967706764
0.11880267056823315,-0.15664120070099055,1.4755425756819716
0.11886924740898307,-0.15594437394757493,1.4759327295368432
0.11893555237502869,-0.1552475212719844,1.4763253034022303
0.11900158376982362,-0.15455064262049517,1.4767203435482243
0.11906733986442915,-0.15385373793833107,1.4771178974915393
0.11913281889664112,-0.15315680716964555,1.4775180140409605
0.11919801907008482,-0.15245985025750328,1.4779207433448813
0.11926293855327656,-0.15176286714386125,1.4783261369410436
0.11932757547865058,-0.1510658577695497,1.478734247808605
0.11939192794154926,-0.1503688220742522,1.4791451304226644
0.1194559939991753,-0.14967175999648563,1.479558840811389
0.11951977166950374,-0.14897467147357948,1.4799754366158895
0.1195832589301522,-0.1482775564416548,1.480394977153005
0.11964645371720699,-0.14758041483560255,1.4808175234811705
0.11970935392400313,-0.1468832465890616,1.4812431384695477
0.11977195739985595,-0.14618605163439602,1.4816718868706162
0.11983426194874183,-0.1454888299026721,1.4821038353964344
0.11989626532792552,-0.1447915813236346,1.482539052798796
0.11995796524653125,-0.14409430582568272,1.4829776099535212
0.1200193593640549,-0.1433970033358453,1.483419579949143
0.12008044528881393,-0.14269967377975554,1.4838650381802654
0.12014122057633192,-0.1420023170816253,1.484314062445891
0.12020168272765434,-0.14130493316421863,1.48476673305304
0.12026182918759157,-0.14060752194882487,1.4852231329260055
0.12032165734288545,-0.13991008335523103,1.485683347721615
0.12038116452029514,-0.13921261730169385,1.486147465950901
0.12044034798459759,-0.13851512370491093,1.4866155791076119
0.12049920493649816,-0.13781760247999159,1.487087781804027
0.12055773251044592,-0.13712005354042692,1.487564171914584
0.12061592777234847,-0.13642247679805938,1.4880448507278605
0.12067378771718018,-0.1357248721630518,1.4885299231074984
0.12073130926647772,-0.1350272395438557,1.4890194976627131
0.1207884892657162,-0.13432957884717925,1.4895136869290775
0.1208453244815585,-0.13363188997795447,1.4900126075603322
0.12090181159897044,-0.1329341728393041,1.4905163805320396
0.12095794721819303,-0.13223642733250773,1.4910251313579688
0.12101372785156335,-0.1315386533569678,1.4915389903201774
0.12106914992017405,-0.1308408508101747,1.4920580927138434
0.12112420975036146,-0.13014301958767194,1.4925825791079945
0.12117890357001095,-0.12944515958302047,1.4931125956233913
0.12123322750466761,-0.1287472706877632,1.4936482942289309
0.1212871775734394,-0.1280493527913889,1.494189833058076
0.12134074968467841,-0.12735140578129617,1.4947373767469494
0.1213939396314254,-0.12665342954275716,1.4952910967958986
0.121446743086601,-0.12595542395888157,1.4958511719565115
0.12149915559792573,-0.12525738891058052,1.496417788646261
0.12155117258254959,-0.12455932427653105,1.4969911413931767
0.12160278932137006,-0.12386122993314075,1.4975714333131884
0.12165400095301572,-0.12316310575451335,1.498158876623065
0.12170480246747047,-0.12246495161241498,1.4987536931921723
0.12175518869931123,-0.12176676737624169,1.499356115136633
0.12180515432052941,-0.12106855291298825,1.4999663854598486
0.12185469383290351,-0.12037030808721885,1.5005847587437928
0.12190380155988763,-0.11967203276103981,1.5012115018959764
0.12195247163797646,-0.11897372679407488,1.5018468949575443
0.12200069800750422,-0.11827539004344366,1.502491231978602
0.12204847440283045,-0.11757702236374361,1.5031448219675878
0.12209579434186055,-0.1168786236070364,1.5038079899223287
0.12214265111484404,-0.11618019362283928,1.504481077951346
0.1221890377723874,-0.11548173225812255,1.5051644464950533
0.12223494711261115,-0.11478323935731381,1.5058584756576974
0.12228037166737403,-0.11408471476231047,1.506563566662306
0.12232530368747781,-0.11338615831250172,1.5072801434425074
0.12236973512675693,-0.1126875698448016,1.5080086543869484
0.12241365762494619,-0.11198894919369486,1.5087495742541837
0.12245706248920683,-0.11129029619129774,1.509503406278395
0.12249994067417766,-0.11059161066743625,1.510270684489191
0.1225422827604009,-0.10989289244974455,1.5110519762721077
0.12258407893095445,-0.10919414136378686,1.5118478852003643
0.12262531894610046,-0.10849535723320664,1.5126590541730516
0.12266599211573542,-0.10779653987990762,1.5134861689003587
0.12270608726939905,-0.10709768912427184,1.5143299617828516
0.12274559272356551,-0.10639880478542091,1.5151912162394137
0.12278449624590317,-0.10569988668152766,1.5160707715474782
0.12282278501614367,-0.10500093463018689,1.5169695282699527
0.12286044558314979,-0.10430194844885511,1.5178884543561288
0.12289746381770963,-0.1036029279553715,1.5188285920193907
0.12293382486051353,-0.10290387296857417,1.5197910655132696
0.12296951306468414,-0.10220478330902893,1.5207770899501472
0.12300451193212973,-0.10150565879989087,1.5217879813346358
0.12303880404287003,-0.1008064992679234,1.5228251680176605
0.1230723709763395,-0.10010730454470429,1.5238902038191386
0.1231051932234998,-0.09940807446805473,1.5249847831190282
0.12313725008838296,-0.09870880888373511,1.526110758281158
0.12316851957743163,-0.0980095076474609,1.5272701598552962
0.12319897827469141,-0.0973101706273045,1.5284652201051987
0.12322860120052596,-0.09661079770656407,1.5296984005403498
